[
  {
    "id": "9f1ed9e9-9494-4077-8e41-51e50de0f42d",
    "data": [
      {
        "text": "Could I have ",
        "userDefined": false
      },
      {
        "text": "three",
        "meta": "@sys.number",
        "alias": "number",
        "userDefined": true
      },
      {
        "text": " ",
        "userDefined": false
      },
      {
        "text": "tapas of chorizo frito",
        "meta": "@sys.any",
        "alias": "any",
        "userDefined": true
      },
      {
        "text": "?",
        "userDefined": false
      }
    ],
    "isTemplate": false,
    "count": 0,
    "lang": "en",
    "updated": 0
  },
  {
    "id": "a9a9e244-4257-42fe-9a78-5d6c15b8ad4d",
    "data": [
      {
        "text": "I would like ",
        "userDefined": false
      },
      {
        "text": "three",
        "meta": "@sys.number",
        "alias": "number",
        "userDefined": true
      },
      {
        "text": " ",
        "userDefined": false
      },
      {
        "text": "pa amb tomaquet",
        "meta": "@sys.any",
        "alias": "any",
        "userDefined": true
      }
    ],
    "isTemplate": false,
    "count": 0,
    "lang": "en",
    "updated": 0
  },
  {
    "id": "680cb65b-796b-4720-8de9-33943dab5452",
    "data": [
      {
        "text": "I want ",
        "userDefined": false
      },
      {
        "text": "some",
        "meta": "@sys.number",
        "alias": "number",
        "userDefined": true
      },
      {
        "text": " ",
        "userDefined": false
      },
      {
        "text": "patatas bravas",
        "meta": "@sys.any",
        "alias": "any",
        "userDefined": true
      }
    ],
    "isTemplate": false,
    "count": 0,
    "lang": "en",
    "updated": 0
  }
]