[
  {
    "id": "cc3faadf-e5aa-4390-8163-5c1153ff511b",
    "data": [
      {
        "text": "Puedo tomarme ",
        "userDefined": false
      },
      {
        "text": "unas",
        "meta": "@sys.number",
        "alias": "number",
        "userDefined": true
      },
      {
        "text": " ",
        "userDefined": false
      },
      {
        "text": "patatas bravas",
        "meta": "@sys.any",
        "alias": "any",
        "userDefined": true
      }
    ],
    "isTemplate": false,
    "count": 0,
    "lang": "es",
    "updated": 0
  },
  {
    "id": "4e4e8520-698d-45a4-8f18-368f04b4dcd4",
    "data": [
      {
        "text": "¿me puede poner ",
        "userDefined": false
      },
      {
        "text": "una",
        "meta": "@sys.number",
        "alias": "number",
        "userDefined": true
      },
      {
        "text": " ",
        "userDefined": false
      },
      {
        "text": "tapa de olivas",
        "meta": "@sys.any",
        "alias": "any",
        "userDefined": true
      },
      {
        "text": "?",
        "userDefined": false
      }
    ],
    "isTemplate": false,
    "count": 0,
    "lang": "es",
    "updated": 0
  },
  {
    "id": "b1fcd82d-3697-4294-8ab9-9097d5a5d427",
    "data": [
      {
        "text": "Quiero ",
        "userDefined": false
      },
      {
        "text": "tres",
        "meta": "@sys.number",
        "alias": "number",
        "userDefined": true
      },
      {
        "text": " ",
        "userDefined": false
      },
      {
        "text": "pa amb tomaquets",
        "meta": "@sys.any",
        "alias": "any",
        "userDefined": true
      }
    ],
    "isTemplate": false,
    "count": 0,
    "lang": "es",
    "updated": 0
  },
  {
    "id": "60f81cab-12ff-4b30-88ca-facd8e01f1c7",
    "data": [
      {
        "text": "¿Puedo tomar ",
        "userDefined": false
      },
      {
        "text": "una",
        "meta": "@sys.number",
        "alias": "number",
        "userDefined": true
      },
      {
        "text": " ",
        "userDefined": false
      },
      {
        "text": "ración de patatas bravas",
        "meta": "@sys.any",
        "alias": "any",
        "userDefined": true
      },
      {
        "text": "?",
        "userDefined": false
      }
    ],
    "isTemplate": false,
    "count": 0,
    "lang": "es",
    "updated": 0
  },
  {
    "id": "f5dff933-c166-483e-93ed-711873dc3377",
    "data": [
      {
        "text": "Me gustaría ",
        "userDefined": false
      },
      {
        "text": "dos",
        "meta": "@sys.number",
        "alias": "number",
        "userDefined": true
      },
      {
        "text": " ",
        "userDefined": false
      },
      {
        "text": "pinchos de atún",
        "meta": "@sys.any",
        "alias": "any",
        "userDefined": true
      }
    ],
    "isTemplate": false,
    "count": 0,
    "lang": "es",
    "updated": 0
  }
]